fl_date,mkt_carrier,dep_delay,taxi_out,taxi_in,air_time,distance,arr_delay
2018-02-01,AA,-1,10,11,58,258,-2
2018-10-01,AA,-5,19,4,77,561,-8
2018-06-01,AA,-9,10,9,49,304,-34
2018-01-01,AA,154,12,3,122,762,143
2018-05-01,AA,-3,8,12,94,607,-22
2018-10-01,AA,26,10,10,61,383,15
2018-01-01,AA,-3,22,5,61,335,-3
2018-11-01,AA,-3,29,8,146,964,25
2018-02-01,AA,-2,56,4,47,268,34
2018-01-01,AA,157,1,10,90,762,138
2018-04-01,AA,7,16,13,27,102,1
2018-02-01,AA,-6,18,3,53,258,-7
2018-07-01,AA,-4,16,17,70,453,-3
2018-08-01,AA,3,13,6,58,322,-3
2018-05-01,AA,45,12,5,36,175,33
2018-10-01,AA,-4,20,5,103,651,-3
2018-07-01,AA,-1,31,24,87,576,11
2018-11-01,AA,6,15,6,218,1744,3
2018-06-01,AA,-3,24,7,61,304,15
2018-12-01,AA,-9,11,9,64,477,-26
2018-11-01,AA,1,28,16,192,1514,11
2018-08-01,AA,25,13,10,70,370,19
2018-04-01,AA,-3,21,5,41,280,-2
2018-08-01,AA,55,11,32,55,290,61
2018-08-01,AA,0,38,3,50,290,19
2018-08-01,AA,131,11,5,79,437,135
2018-05-01,AA,22,11,13,37,175,19
2018-10-01,AA,-13,15,3,67,453,-27
2018-11-01,AA,-5,19,15,80,431,-4
2018-04-01,AA,-10,26,12,57,299,6
2018-02-01,AA,-8,22,16,88,474,2
2018-01-01,AA,4,14,2,66,406,1
2018-01-01,AA,20,41,3,87,466,44
2018-05-01,AA,-4,15,14,120,849,-19
2018-05-01,AA,-1,22,3,82,607,7
2018-11-01,AA,36,26,14,51,282,41
2018-02-01,AA,-1,22,2,61,474,-8
2018-10-01,AA,-5,28,5,55,327,6
2018-06-01,AA,86,35,12,72,431,96
2018-06-01,AA,-6,14,5,54,304,-10
2019-04-29,AA,-6,12,6,144,1197,-31
2019-10-01,AA,-5,10,7,76,408,-1
2019-02-01,AA,-2,14,9,76,541,-22
2019-06-01,AA,-4,13,14,112,733,-2
2019-11-01,AA,30,19,3,55,309,36
2019-11-01,AA,-4,21,2,43,247,-14
2019-06-01,AA,-2,14,6,93,733,-17
2019-11-01,AA,-11,11,11,100,597,-14
2019-01-01,AA,-1,30,3,76,490,0
2019-08-01,AA,79,14,6,50,325,78
2019-02-01,AA,-2,20,5,291,2218,-21
2019-06-01,AA,-5,28,17,44,237,8
2019-08-01,AA,73,13,8,155,1235,53
2019-05-01,AA,-7,17,6,37,204,-14
2019-01-01,AA,1,10,20,40,157,-3
2019-09-01,AA,-2,16,4,315,2475,-24
2019-09-01,AA,207,15,8,397,3711,192
2019-10-01,AA,-7,10,15,86,573,-22
2019-02-01,AA,17,26,5,94,650,12
2019-11-01,AA,5,20,5,99,737,3
2019-06-01,AA,-4,28,10,274,2300,8
2019-10-01,AA,-4,12,6,24,88,-27
2019-04-29,AA,-6,18,7,337,2475,-26
2019-04-29,AA,96,13,9,288,2475,72
2019-09-01,AA,-2,12,8,159,1235,-27
2019-05-01,AA,-4,10,7,132,1038,-16
2019-04-29,AA,-6,16,17,349,2475,-11
2019-02-01,AA,-5,19,5,140,1211,-13
2019-07-01,AA,-1,16,8,164,1283,-21
2019-06-01,AA,-3,17,3,45,237,-5
2019-02-01,AA,43,20,8,133,867,23
2019-11-01,AA,31,17,16,51,309,36
2019-07-01,AA,-3,15,6,26,109,-13
2019-01-01,AA,0,7,3,74,490,-24
2019-09-01,AA,26,17,4,447,3784,-1
2019-08-01,AA,-2,16,4,127,1037,-18
2019-08-01,AA,-2,47,17,178,1389,12
2019-05-01,AA,-6,15,9,72,427,-10
2019-05-01,AA,-2,22,5,70,427,-12
2019-10-01,AA,-14,8,4,63,408,-31
2019-05-01,AA,-2,10,6,29,126,-2
2019-09-01,AA,-3,15,7,404,3784,-23
2018-07-01,AS,29,17,4,25,103,31
2018-10-01,AS,-5,30,36,268,2422,5
2018-10-01,AS,-14,14,3,133,792,1
2018-09-01,AS,0,8,7,127,792,-8
2018-02-01,AS,0,11,4,97,722,-20
2018-05-01,AS,-3,17,9,148,1184,3
2018-12-01,AS,-4,16,15,314,2496,-52
2018-08-01,AS,-6,12,11,313,2329,-25
2018-06-01,AS,-7,12,3,40,213,-6
2018-04-01,AS,-6,20,4,47,344,-5
2018-09-01,AS,-13,8,3,27,103,-15
2018-11-01,AS,-7,38,3,271,2329,-10
2018-08-01,AS,-9,26,18,326,2329,3
2018-01-01,AS,-6,25,6,356,2717,-32
2018-07-01,AS,-8,9,2,26,116,-11
2018-02-01,AS,-2,12,4,207,1476,-14
2018-06-01,AS,-4,6,5,85,554,-14
2018-01-01,AS,-7,21,5,305,2717,-32
2018-05-01,AS,-17,11,7,48,296,-25
2018-06-01,AS,-1,6,5,30,103,1
2018-01-01,AS,10,21,7,188,1399,-20
2018-10-01,AS,-1,2,3,133,792,-13
2018-07-01,AS,23,4,9,30,103,22
2018-05-01,AS,-12,14,3,150,1184,-13
2018-06-01,AS,-6,7,6,44,261,-15
2018-02-01,AS,-14,24,7,111,722,-22
2018-11-01,AS,-2,18,4,264,2329,-27
2018-09-01,AS,-1,2,3,126,792,-5
2018-08-01,AS,11,15,2,303,2329,20
2018-01-01,AS,-9,45,4,173,1399,12
2018-08-01,AS,107,14,8,350,2717,88
2018-01-01,AS,10,28,4,88,571,27
2018-10-01,AS,2,11,16,191,1721,-30
2018-05-01,AS,-7,15,7,228,1450,-12
2018-06-01,AS,-4,12,5,53,213,4
2018-07-01,AS,-2,9,2,26,103,-7
2018-11-01,AS,7,12,8,287,2554,-10
2018-07-01,AS,-9,6,5,29,103,-8
2018-05-01,AS,-11,21,18,54,308,-12
2018-12-01,AS,12,20,6,302,2378,-31
2018-12-01,AS,-9,24,28,311,2554,16
2018-11-01,AS,-3,23,6,339,2329,5
2018-03-01,AS,-4,11,5,33,129,-10
2018-12-01,AS,48,13,4,41,204,55
2018-02-01,AS,-6,13,5,111,838,-19
2018-11-01,AS,-18,17,5,338,2329,-14
2018-12-01,AS,6,23,11,312,2422,38
2018-02-01,AS,-13,18,4,198,1476,7
2019-12-01,AS,17,6,6,42,213,4
2019-01-01,AS,0,24,5,192,1476,9
2019-05-01,AS,-6,20,4,282,2329,-15
2019-02-01,AS,-1,3,4,123,792,-21
2019-11-01,AS,-7,10,5,94,630,-23
2019-02-01,AS,-6,28,8,335,2329,0
2019-04-01,AS,-1,44,4,161,1430,-2
2019-09-01,AS,-10,10,4,124,817,-12
2019-04-01,AS,-5,7,3,24,103,-16
2019-09-01,AS,-7,13,4,72,479,-13
2019-02-01,AS,-5,4,3,142,792,9
2019-05-01,AS,-5,22,12,288,2402,-13
2019-03-01,AS,-2,17,15,168,1399,-2
2019-08-01,AS,9,13,4,201,1476,2
2019-07-01,AS,-5,14,7,99,689,-20
2019-03-01,AS,31,23,3,297,2717,9
2019-06-01,AS,-6,15,2,197,1542,-12
2019-03-01,AS,9,89,7,207,1399,72
2019-12-01,AS,0,30,8,25,103,17
2019-11-01,AS,-3,9,4,96,722,-19
2019-06-01,AS,-8,10,6,191,1542,-16
2019-01-01,AS,-3,17,3,55,399,-12
2019-06-01,AS,-6,7,4,188,1533,-22
2019-01-01,AS,14,25,5,225,1450,14
2019-08-01,AS,202,5,3,132,792,198
2019-10-01,AS,-5,17,12,79,508,-12
2019-10-01,AS,4,14,8,216,1626,7
2019-03-01,AS,-16,15,4,37,234,-20
2019-06-01,AS,1,18,22,301,2586,-3
2019-12-01,AS,-8,27,4,33,103,4
2019-02-01,AS,18,5,2,118,792,-7
2019-11-01,AS,-9,13,5,103,722,-28
2019-11-01,AS,-5,12,7,86,630,0
2019-07-01,AS,-8,17,7,207,1476,-2
2019-11-01,AS,-3,17,4,68,479,-9
2019-07-01,AS,-10,11,4,74,543,-21
2019-10-01,AS,0,19,7,211,1626,-23
2019-07-01,AS,-5,8,16,101,722,-5
2019-04-01,AS,-7,6,3,25,106,-13
2019-01-01,AS,-8,17,3,149,1164,-11
2019-12-01,AS,-3,22,6,84,399,6
2019-08-01,AS,214,3,4,122,792,208
2019-10-01,AS,-8,15,13,58,400,-22
2019-06-01,AS,0,33,7,333,2475,-7
2019-09-01,AS,-13,9,6,97,722,-41
2019-01-01,AS,-3,10,6,186,1450,-9
2019-05-01,AS,-7,16,27,318,2422,-26
2019-09-01,AS,0,16,5,106,722,2
2019-04-01,AS,-6,10,11,55,279,-10
2019-05-01,AS,-4,35,8,313,2329,-8
2019-09-01,AS,-10,11,10,88,630,-1
2019-07-01,AS,-7,21,5,196,1476,-10
2019-03-01,AS,-7,16,9,388,2717,-9
2019-02-01,AS,-4,16,2,142,792,21
2019-04-01,AS,-5,17,4,253,1670,-11
2019-10-01,AS,-10,29,3,160,1182,-8
2018-05-01,B6,-8,19,6,301,2586,-20
2018-08-01,B6,20,13,6,207,1608,6
2018-01-01,B6,25,23,14,223,1598,37
2018-05-01,B6,-8,10,6,254,2173,-16
2018-04-01,B6,-15,16,6,298,2173,-30
2018-06-01,B6,79,13,11,134,944,72
2018-10-01,B6,12,13,4,60,402,7
2018-09-01,B6,19,14,7,259,2173,1
2018-09-01,B6,4,19,6,136,1028,2
2018-01-01,B6,32,43,8,181,1069,74
2018-07-01,B6,-5,11,5,257,2153,-18
2018-10-01,B6,13,8,3,67,402,7
2018-06-01,B6,104,24,9,71,427,104
2018-12-01,B6,-9,10,15,66,354,-7
2018-09-01,B6,16,19,7,280,2173,12
2018-04-01,B6,41,26,15,134,740,42
2018-02-01,B6,-1,16,9,151,1197,-1
2018-01-01,B6,9,35,10,48,266,29
2018-11-01,B6,-10,14,3,41,200,-13
2018-02-01,B6,4,19,4,155,1069,-13
2018-09-01,B6,16,20,5,137,1069,-11
2018-12-01,B6,-14,11,6,104,634,-15
2018-06-01,B6,7,19,4,82,427,-8
2018-04-01,B6,399,19,7,148,1065,395
2018-07-01,B6,-3,10,4,65,444,-8
2018-02-01,B6,-14,12,17,275,2588,-26
2018-08-01,B6,-3,23,18,305,2588,6
2018-07-01,B6,22,20,3,151,1197,5
2018-12-01,B6,-1,14,4,99,680,-4
2018-02-01,B6,-2,19,2,359,2588,-17
2018-04-01,B6,14,22,9,142,1065,5
2018-12-01,B6,75,18,4,66,369,73
2018-11-01,B6,-12,13,5,119,1010,-25
2018-05-01,B6,-4,10,5,286,2465,-19
2018-06-01,B6,17,34,10,130,944,0
2018-07-01,B6,-3,50,3,282,2153,-8
2018-12-01,B6,-9,14,3,80,634,-16
2018-11-01,B6,-11,10,2,92,588,-9
2018-02-01,B6,-9,16,3,180,1197,-17
2018-01-01,B6,-5,11,10,171,1065,2
2018-08-01,B6,18,17,7,290,2248,-3
2018-09-01,B6,43,16,7,300,2465,47
2018-05-01,B6,1,20,8,142,1069,-17
2018-06-01,B6,15,29,10,67,399,17
2018-11-01,B6,-9,13,3,76,588,-27
2018-08-01,B6,-2,10,4,299,2636,-12
2018-10-01,B6,-1,29,3,56,301,-10
2018-08-01,B6,155,34,9,212,1608,172
2018-01-01,B6,28,28,4,200,1598,32
2018-04-01,B6,-3,15,4,150,1069,-22
2018-11-01,B6,2,20,6,258,2269,1
2018-05-01,B6,-6,23,7,348,2586,-27
2019-04-01,B6,58,12,3,129,1073,32
2019-06-01,B6,-10,16,4,59,369,-14
2019-04-01,B6,-1,17,5,212,1674,-4
2019-01-01,B6,46,9,5,52,266,26
2019-06-01,B6,-6,12,10,300,2475,-16
2019-11-01,B6,44,13,4,193,1598,21
2019-11-01,B6,4,25,9,162,1069,13
2019-05-01,B6,-6,11,5,146,1065,-28
2019-05-01,B6,4,26,8,180,1249,10
2019-12-01,B6,134,40,6,168,1073,158
2019-02-01,B6,28,42,9,150,1065,44
2019-08-01,B6,-3,10,12,279,2411,-20
2019-08-01,B6,-7,51,4,315,2411,-25
2019-02-01,B6,-1,22,6,193,1598,-17
2019-10-01,B6,33,14,13,135,867,20
2019-11-01,B6,25,9,12,204,1598,16
2019-05-01,B6,0,17,5,161,1249,-3
2019-02-01,B6,-10,12,5,195,1626,-19
2019-06-01,B6,12,18,5,296,2588,-4
2019-07-01,B6,-2,14,7,140,1035,-5
2019-02-01,B6,26,13,7,218,1626,-23
2019-01-01,B6,-3,8,3,151,1368,-21
2019-10-01,B6,18,19,7,44,187,-2
2019-05-01,B6,126,13,4,286,1990,103
2019-10-01,B6,-9,13,8,151,1010,10
2019-02-01,B6,-8,11,6,225,1598,-1
2019-08-01,B6,10,16,5,102,760,-6
2019-01-01,B6,-8,15,6,153,950,11
2019-11-01,B6,11,17,7,134,1069,-3
2019-05-01,B6,110,11,10,225,1990,83
2019-08-01,B6,92,26,8,149,1069,81
2019-06-01,B6,-6,14,6,343,2475,-18
2019-10-01,B6,-15,16,4,51,319,-16
2019-01-01,B6,112,19,6,142,1069,106
2019-04-01,B6,98,22,4,134,1035,91
2019-08-01,B6,14,18,7,127,942,-1
2019-04-01,B6,34,32,7,359,2422,42
2019-01-01,B6,-2,19,8,185,1598,-28
2019-04-01,B6,11,22,11,253,1826,-22
2019-06-01,B6,70,13,4,127,1129,53
2019-07-01,B6,211,31,11,143,1069,202
2019-10-01,B6,34,12,6,106,867,10
2018-12-01,DL,3,17,5,99,641,-33
2018-02-01,DL,-9,18,8,54,300,-13
2018-09-01,DL,2,15,21,144,1089,-5
2018-04-01,DL,-5,16,6,46,296,-13
2018-11-01,DL,-4,11,12,48,232,-15
2018-10-01,DL,-1,12,8,127,792,-7
2018-10-01,DL,0,17,4,112,818,-21
2018-09-01,DL,-5,8,3,85,680,-24
2018-11-01,DL,-3,16,1,22,83,-14
2018-01-01,DL,-4,20,2,48,306,-12
2018-05-01,DL,-4,12,5,63,304,-8
2018-05-01,DL,0,19,3,109,588,8
2018-01-01,DL,-4,26,9,35,207,-17
2018-09-01,DL,-5,32,9,297,2475,-8
2018-07-01,DL,-11,19,8,65,431,-39
2018-11-01,DL,0,11,11,23,83,-10
2018-06-01,DL,-5,27,15,69,378,0
2018-08-01,DL,2,13,9,96,633,1
2018-06-01,DL,-5,35,6,119,765,14
2018-05-01,DL,-5,49,4,64,419,7
2018-06-01,DL,137,29,2,105,738,109
2018-09-01,DL,-3,12,10,84,590,-21
2018-12-01,DL,-6,16,8,41,214,-12
2018-12-01,DL,-9,27,6,43,254,-20
2018-06-01,DL,-3,25,13,90,585,4
2018-04-01,DL,-10,14,6,60,331,-19
2018-09-01,DL,5,14,6,198,1521,-1
2018-07-01,DL,-3,17,7,116,818,-2
2018-04-01,DL,47,15,3,19,83,38
2018-05-01,DL,-4,39,5,76,431,3
2018-08-01,DL,-3,11,15,65,352,-4
2018-08-01,DL,3,24,5,60,352,4
2018-06-01,DL,107,20,6,42,187,86
2018-07-01,DL,-7,15,10,71,431,-19
2018-10-01,DL,-7,25,8,104,610,3
2018-02-01,DL,-8,16,11,43,255,-13
2018-08-01,DL,0,16,5,40,223,-9
2018-05-01,DL,-8,12,7,111,821,-14
2018-02-01,DL,2,40,8,61,431,3
2018-07-01,DL,0,14,4,66,483,-40
2018-04-01,DL,-2,23,5,37,184,-15
2018-07-01,DL,-7,20,9,60,292,-10
2018-12-01,DL,-6,11,5,120,640,-9
2018-02-01,DL,-8,17,6,59,340,-36
2018-10-01,DL,26,26,5,91,534,37
2018-04-01,DL,-4,14,8,186,1107,-16
2018-08-01,DL,-4,46,9,82,633,13
2018-10-01,DL,-10,14,7,91,489,-8
2018-01-01,DL,-6,44,6,56,201,15
2018-11-01,DL,-5,34,5,42,213,-14
2018-11-01,DL,-4,12,9,50,209,-14
2018-01-01,DL,-3,16,13,37,201,-15
2018-01-01,DL,27,42,13,36,164,49
2018-02-01,DL,-11,58,13,41,198,10
2019-02-01,DL,-3,30,5,59,411,7
2019-07-01,DL,-7,13,4,159,1254,-17
2019-05-01,DL,-5,19,3,55,301,-15
2019-05-01,DL,-1,26,4,186,1214,17
2019-04-30,DL,-9,37,5,134,888,-15
2019-07-01,DL,-3,16,4,107,738,-15
2019-08-01,DL,262,32,23,43,187,269
2019-09-01,DL,-8,25,7,91,633,-6
2019-07-01,DL,-4,13,14,76,534,-7
2019-08-01,DL,-7,14,8,65,448,-21
2019-02-01,DL,26,48,7,54,335,25
2019-11-01,DL,-1,23,3,80,399,-11
2019-10-01,DL,0,25,6,64,383,-7
2019-11-01,DL,-7,9,32,103,867,-22
2019-07-01,DL,-8,20,4,185,1254,-12
2019-06-01,DL,-3,16,4,113,926,-20
2019-09-01,DL,-10,12,15,33,164,-22
2019-08-01,DL,-5,14,5,31,143,-15
2019-08-01,DL,-7,23,7,31,143,-18
2019-06-01,DL,-1,10,3,61,363,-13
2019-08-01,DL,-5,16,7,142,961,-10
2019-12-01,DL,22,15,5,61,407,22
2019-01-01,DL,239,17,3,67,449,215
2019-01-01,DL,-1,23,10,77,508,0
2019-06-01,DL,-5,9,7,56,363,-21
2019-04-30,DL,-5,10,20,85,483,-14
2019-03-01,DL,62,20,13,31,83,61
2019-09-01,DL,-11,23,10,74,563,-20
2019-04-30,DL,-2,25,4,83,483,-6
2019-03-01,DL,17,17,4,88,645,6
2019-11-01,DL,-7,20,7,51,184,-26
2019-10-01,DL,-6,19,4,73,521,-24
2019-02-01,DL,16,40,4,63,411,25
2019-12-01,DL,22,21,6,65,431,9
2019-09-01,DL,-3,30,4,162,1107,-7
2019-03-01,DL,75,24,1,19,83,72
2019-01-01,DL,-5,12,4,55,297,-15
2019-06-01,DL,-1,13,5,28,113,-9
2019-05-01,DL,5,16,8,44,235,-9
2019-11-01,DL,-2,23,11,142,867,-11
2019-10-01,DL,-11,43,6,43,223,7
2019-02-01,DL,20,12,12,127,1031,1
2019-05-01,DL,9,15,16,130,986,6
2019-10-01,DL,2,10,13,84,551,0
2019-04-30,DL,-7,27,6,110,764,-23
2019-05-01,DL,-3,21,15,49,290,-28
2019-04-30,DL,3,32,5,62,431,-5
2019-01-01,DL,29,10,6,95,566,6
2019-09-01,DL,-4,19,4,48,273,-8
2019-07-01,DL,33,20,5,22,147,25
2019-06-01,DL,-9,21,6,48,302,-15
2019-10-01,DL,101,13,7,102,764,56
2019-01-01,DL,-6,19,4,61,453,-31
2019-12-01,DL,41,22,7,50,264,18
2019-02-01,DL,-17,46,22,46,280,-3
2019-11-01,DL,-4,23,9,39,200,-21
2018-05-01,F9,-5,16,10,141,1013,-13
2018-02-01,F9,-1,19,6,211,1849,-13
2018-02-01,F9,-6,16,6,123,967,-12
2018-12-01,F9,47,9,6,72,479,39
2018-04-01,F9,-10,17,12,158,1258,-21
2018-03-01,F9,-10,11,7,201,1454,-18
2018-01-01,F9,2,27,6,141,1189,5
2018-09-01,F9,-2,8,7,173,1520,-32
2018-08-01,F9,0,13,14,156,1337,-11
2018-03-01,F9,-7,14,7,291,2039,-14
2018-09-01,F9,0,18,11,201,1587,13
2018-01-01,F9,7,33,8,139,967,20
2018-09-01,F9,3,14,6,118,853,-3
2018-05-01,F9,-4,21,5,134,1013,-27
2018-01-01,F9,99,10,7,124,1028,78
2018-08-01,F9,2,12,6,129,1024,-11
2018-02-01,F9,2,14,30,255,1849,1
2018-12-01,F9,-13,10,9,147,1024,-12
2018-11-01,F9,-8,19,9,257,2065,4
2018-12-01,F9,-10,13,6,301,2039,-6
2018-05-01,F9,-7,14,115,173,1440,82
2018-07-01,F9,-10,17,7,158,1166,9
2018-07-01,F9,29,14,7,114,874,15
2018-09-01,F9,-2,17,6,190,1520,-35
2018-01-01,F9,36,11,5,122,1034,19
2018-07-01,F9,0,11,8,132,928,6
2018-02-01,F9,-8,15,6,118,684,1
2018-02-01,F9,-11,12,11,90,684,-13
2018-01-01,F9,20,18,7,86,551,19
2018-04-01,F9,-1,40,7,85,541,22
2018-04-01,F9,-4,13,10,112,680,-6
2018-12-01,F9,1,15,10,150,1069,-20
2018-08-01,F9,71,21,13,102,585,89
2018-09-01,F9,5,23,9,92,616,16
2018-05-01,F9,-10,14,11,94,629,-9
2018-03-01,F9,111,18,8,272,2039,143
2018-10-01,F9,38,19,6,158,1224,24
2018-05-01,F9,161,11,8,185,1678,133
2018-03-01,F9,-8,14,21,185,1199,-2
2018-03-01,F9,-10,26,5,166,1454,-13
2018-08-01,F9,86,62,8,220,1620,117
2018-07-01,F9,15,15,5,103,819,-1
2018-04-01,F9,29,14,8,129,1199,3
2018-07-01,F9,-1,8,8,51,349,-19
2018-08-01,F9,-9,9,8,153,1024,-10
2018-04-01,F9,-8,14,8,68,541,-15
2019-10-01,F9,43,9,9,140,1069,14
2019-04-01,F9,75,11,6,106,753,63
2019-02-01,F9,-9,19,12,144,1053,4
2019-01-01,F9,2,12,7,63,484,-16
2019-05-01,F9,-6,26,9,220,1558,-21
2019-05-01,F9,-5,22,9,122,896,-1
2019-06-01,F9,-10,11,14,189,1359,-15
2019-04-01,F9,8,15,6,279,2039,-15
2019-04-01,F9,-10,13,7,82,551,-12
2019-04-01,F9,-7,17,5,81,604,-28
2019-03-01,F9,-6,65,16,139,896,47
2019-11-01,F9,-10,14,7,81,585,-21
2019-10-01,F9,-4,18,8,106,846,-12
2019-03-01,F9,-10,14,8,180,1209,-8
2019-09-01,F9,-10,10,12,84,604,-26
2019-02-01,F9,10,13,6,148,1053,-12
2019-01-01,F9,7,11,13,85,484,7
2019-11-01,F9,-10,16,9,222,1620,-29
2019-05-01,F9,62,27,7,140,1014,55
2019-01-01,F9,-9,10,4,132,1053,-23
2019-10-01,F9,-7,10,5,211,1476,-30
2019-11-01,F9,-2,19,12,97,541,15
2019-06-01,F9,8,14,10,74,484,-3
2019-02-01,F9,-5,14,7,142,1136,-20
2019-03-01,F9,1,18,6,129,1209,-25
2019-03-01,F9,4,11,15,141,862,9
2019-01-01,F9,30,14,5,117,955,10
2019-11-01,F9,139,23,13,101,628,155
2019-01-01,F9,0,15,26,149,955,21
2019-03-01,F9,1,16,6,134,846,8
2019-10-01,F9,82,18,8,86,585,40
2019-04-01,F9,-6,15,6,83,551,-24
2019-11-01,F9,25,12,7,121,1069,11
2019-09-01,F9,-4,10,5,233,1984,-26
2019-05-01,F9,2,12,21,138,1026,10
2019-10-01,F9,-10,10,6,132,846,-11
2019-05-01,F9,-2,16,6,139,1199,-22
2018-08-01,G4,-9,9,7,86,588,-8
2018-02-01,G4,-6,9,6,120,870,-8
2018-04-01,G4,193,10,7,69,490,189
2018-10-01,G4,-8,12,6,80,585,-16
2018-08-01,G4,-10,11,5,167,1288,-2
2018-07-01,G4,-11,14,4,98,708,-12
2018-09-01,G4,-7,9,9,100,735,-14
2018-05-01,G4,-13,9,4,109,878,-26
2018-11-01,G4,0,19,7,185,1508,-19
2018-11-01,G4,-16,9,7,157,1144,-35
2018-08-01,G4,31,9,5,70,482,24
2018-12-01,G4,-14,14,7,144,986,1
2018-01-01,G4,0,21,6,154,1069,9
2018-11-01,G4,3,18,5,96,619,12
2018-10-01,G4,-4,9,9,99,700,-4
2018-06-01,G4,-6,12,6,84,620,-14
2018-04-01,G4,53,28,6,102,895,61
2018-06-01,G4,-10,12,4,87,620,-15
2018-12-01,G4,-2,8,7,116,850,-7
2018-08-01,G4,-7,11,4,98,668,-5
2018-12-01,G4,6,12,9,129,1049,-5
2018-07-01,G4,-4,11,9,117,851,-11
2018-03-01,G4,-2,12,9,141,1069,-9
2018-03-01,G4,-18,14,4,117,806,-14
2018-04-01,G4,-7,11,7,130,971,-21
2018-11-01,G4,-9,24,4,68,486,1
2018-10-01,G4,-5,19,4,153,1283,-12
2018-02-01,G4,23,14,5,89,595,14
2018-07-01,G4,10,13,4,120,916,7
2018-05-01,G4,-9,19,4,235,1561,11
2018-12-01,G4,4,12,7,144,1154,-11
2018-09-01,G4,5,16,7,108,827,-4
2018-05-01,G4,-4,12,11,175,1561,-14
2018-02-01,G4,-10,16,6,127,945,-15
2018-10-01,G4,2,10,4,102,767,-8
2018-01-01,G4,0,9,20,132,1069,-2
2018-03-01,G4,31,12,7,136,1040,23
2018-02-01,G4,3,10,5,163,1279,4
2018-07-01,G4,0,11,7,94,708,-7
2018-01-01,G4,150,11,5,87,519,154
2018-08-01,G4,9,11,4,70,477,6
2018-11-01,G4,10,11,9,213,1678,20
2018-09-01,G4,-5,10,5,76,528,-12
2018-02-01,G4,-8,10,4,130,945,-6
2018-09-01,G4,-15,15,5,162,1423,-24
2018-12-01,G4,-4,10,7,107,776,-10
2018-09-01,G4,12,15,7,92,724,6
2018-06-01,G4,-3,15,5,92,637,-3
2018-03-01,G4,0,23,5,152,1069,9
2018-04-01,G4,191,12,7,103,727,189
2018-05-01,G4,-10,10,5,79,528,-15
2018-06-01,G4,-2,19,4,157,1413,-15
2018-06-01,G4,-7,19,4,105,781,-4
2018-05-01,G4,-13,10,6,79,519,-14
2018-01-01,G4,330,10,8,128,912,333
2018-10-01,G4,-2,13,7,218,1900,-15
2018-03-01,G4,-12,7,7,73,550,-24
2018-01-01,G4,-10,16,6,128,912,-5
2018-04-01,G4,-3,9,6,117,958,-18
2019-07-01,G4,-8,8,7,97,731,-16
2019-06-01,G4,0,9,7,113,949,-10
2019-11-01,G4,-6,15,7,140,1283,-23
2019-10-01,G4,0,15,7,77,704,-15
2019-01-01,G4,17,15,7,159,1129,27
2019-09-01,G4,-7,14,4,67,490,-20
2019-12-01,G4,-6,10,5,151,1299,-20
2019-02-01,G4,-4,11,4,91,671,-7
2019-03-01,G4,24,13,14,251,1619,44
2019-08-01,G4,4,15,7,97,734,3
2019-04-01,G4,-1,18,7,99,729,2
2019-10-01,G4,0,15,4,62,477,-8
2019-12-01,G4,-1,12,5,87,587,0
2019-06-01,G4,14,8,6,144,1220,2
2019-05-01,G4,-5,14,5,116,882,-13
2019-08-01,G4,-11,12,95,88,612,77
2019-06-01,G4,-17,8,4,148,1142,-29
2019-07-01,G4,20,15,7,86,625,23
2019-02-01,G4,-14,13,4,138,936,-9
2019-09-01,G4,75,6,4,159,1184,55
2019-01-01,G4,31,11,4,117,870,27
2019-05-01,G4,-4,8,7,149,1173,-10
2019-08-01,G4,27,12,6,84,636,24
2019-02-01,G4,-7,11,6,139,954,-2
2019-10-01,G4,-4,9,4,47,259,-14
2019-02-01,G4,-7,7,6,54,259,-6
2019-03-01,G4,-2,14,36,130,1005,20
2019-07-01,G4,-1,9,5,88,694,-17
2019-07-01,G4,25,11,15,90,620,33
2019-12-01,G4,-11,31,5,127,841,18
2019-11-01,G4,-8,14,6,121,841,-3
2019-02-01,G4,48,4,6,88,625,44
2019-03-01,G4,-11,11,7,148,1373,-30
2019-09-01,G4,13,11,14,114,807,19
2019-04-01,G4,0,11,5,141,1144,-12
2019-01-01,G4,16,8,11,244,1678,36
2019-07-01,G4,-7,14,7,98,750,-16
2019-09-01,G4,22,13,7,50,276,18
2019-03-01,G4,-7,11,10,131,819,9
2019-11-01,G4,8,9,4,134,1092,-14
2019-12-01,G4,73,8,7,54,259,78
2019-06-01,G4,-2,13,4,173,1546,-15
2019-04-01,G4,0,7,4,92,641,-5
2019-11-01,G4,-2,22,7,118,1076,-8
2019-05-01,G4,38,11,4,138,1001,41
2019-01-01,G4,-14,11,7,95,698,-17
2019-04-01,G4,-7,16,6,189,1624,-6
2019-04-01,G4,0,15,4,156,1272,9
2019-10-01,G4,-9,8,4,78,511,-11
2019-03-01,G4,-7,13,4,238,1590,4
2019-05-01,G4,-10,10,7,143,1026,-5
2019-05-01,G4,-10,8,7,69,519,-17
2019-06-01,G4,0,9,6,118,932,-11
2019-08-01,G4,-8,16,4,129,1098,-20
2019-08-01,G4,50,13,5,112,872,44
2019-12-01,G4,-7,8,7,118,1045,-26
2019-01-01,G4,8,7,7,51,359,0
2019-11-01,G4,-11,19,4,80,518,-7
2019-10-01,G4,6,11,6,92,660,-3
2018-01-01,HA,0,11,5,332,2677,-37
2018-06-01,HA,12,5,6,37,201,13
2018-01-01,HA,-1,12,22,293,2504,6
2018-04-01,HA,-4,20,6,36,216,2
2018-12-01,HA,-1,6,5,25,100,-4
2018-08-01,HA,15,13,7,352,2762,12
2018-05-01,HA,9,17,5,281,2409,-3
2018-06-01,HA,-6,10,4,21,100,-10
2018-06-01,HA,-8,3,8,26,84,-8
2018-07-01,HA,-6,12,6,21,102,-8
2018-08-01,HA,1,16,11,275,2556,-17
2018-07-01,HA,-6,11,5,28,163,-9
2018-12-01,HA,-5,12,3,41,163,1
2018-04-01,HA,-3,9,5,38,216,-6
2018-10-01,HA,-12,6,4,25,121,-16
2018-03-01,HA,6,13,6,20,102,5
2018-02-01,HA,-5,15,6,21,100,-5
2018-12-01,HA,-7,9,6,22,100,-10
2018-11-01,HA,1,17,9,334,2762,16
2018-11-01,HA,-7,13,9,21,102,0
2018-09-01,HA,-3,18,6,333,2556,-1
2018-07-01,HA,-7,9,7,18,84,-8
2018-04-01,HA,-12,11,9,20,102,-7
2018-08-01,HA,6,21,40,326,2556,28
2018-11-01,HA,-4,12,6,27,163,-7
2018-04-01,HA,-7,10,4,23,102,-11
2018-03-01,HA,-6,15,13,29,163,5
2018-08-01,HA,14,21,25,284,2556,19
2018-12-01,HA,-7,7,5,20,102,-9
2018-05-01,HA,-4,8,5,36,216,-8
2018-07-01,HA,-7,8,6,31,163,-9
2018-03-01,HA,-2,10,5,20,100,-6
2018-09-01,HA,0,13,6,285,2556,-21
2018-02-01,HA,-1,25,5,29,100,17
2018-11-01,HA,-7,18,21,336,2762,-12
2018-07-01,HA,-4,13,5,33,201,0
2018-06-01,HA,-6,6,9,20,102,-6
2018-02-01,HA,-4,16,5,28,163,-3
2018-02-01,HA,-12,4,7,18,46,-3
2018-10-01,HA,2,9,6,28,100,5
2018-03-01,HA,-9,5,7,20,100,-14
2018-08-01,HA,12,18,5,330,2556,10
2018-11-01,HA,-7,20,16,297,2556,6
2018-10-01,HA,-3,12,5,20,102,-8
2018-01-01,HA,2,13,6,316,2462,-28
2018-12-01,HA,-10,8,8,39,216,-8
2018-06-01,HA,-6,15,5,24,102,-4
2018-05-01,HA,1,20,5,551,4983,-18
2018-05-01,HA,-2,16,8,344,2556,11
2018-09-01,HA,8,18,9,340,2556,10
2018-01-01,HA,-4,15,7,295,2462,3
2018-01-01,HA,15,13,10,315,2762,18
2018-03-01,HA,-1,14,5,28,163,-1
2018-10-01,HA,-12,8,8,29,163,-16
2018-10-01,HA,-7,10,5,35,216,-11
2018-09-01,HA,-2,16,11,280,2556,-15
2018-04-01,HA,-3,14,5,27,163,-4
2018-05-01,HA,4,29,5,326,2398,29
2018-09-01,HA,256,11,5,252,2355,224
2019-10-01,HA,3,21,8,294,2556,1
2019-02-01,HA,1,9,6,38,216,0
2019-06-01,HA,-3,9,6,22,100,-5
2019-12-01,HA,-4,9,5,307,2457,-8
2019-01-01,HA,-1,15,7,22,100,2
2019-11-01,HA,6,9,12,30,163,10
2019-03-01,HA,25,8,3,19,72,21
2019-08-01,HA,-4,14,8,331,2556,4
2019-09-01,HA,2,15,42,289,2556,13
2019-02-01,HA,-7,6,5,23,102,-8
2019-06-01,HA,-7,8,5,41,216,-8
2019-02-01,HA,-4,9,5,21,100,-11
2019-12-01,HA,-8,13,5,301,2457,-29
2019-10-01,HA,1,19,29,317,2556,1
2019-12-01,HA,-4,6,6,29,163,-11
2019-04-01,HA,-4,14,12,274,2556,-24
2019-06-01,HA,-4,12,23,287,2338,3
2019-05-01,HA,7,13,15,343,2556,18
2019-04-01,HA,40,16,22,346,2556,64
2019-11-01,HA,26,15,4,34,201,29
2019-06-01,HA,-7,7,5,22,100,-10
2019-03-01,HA,13,10,3,19,72,13
2019-02-01,HA,2,13,13,21,100,4
2019-10-01,HA,10,16,11,286,2556,3
2019-09-01,HA,27,11,6,292,2541,11
2019-07-01,HA,-6,8,7,21,102,-8
2019-11-01,HA,9,15,4,35,216,5
2019-07-01,HA,-6,6,6,19,102,-11
2019-09-01,HA,2,15,21,321,2556,4
2019-09-01,HA,130,15,24,279,2556,123
2019-05-01,HA,16,12,8,35,216,16
2019-11-01,HA,4,16,4,25,102,7
2019-12-01,HA,10,5,4,21,72,5
2019-06-01,HA,-4,10,5,21,102,-7
2019-08-01,HA,7,14,8,329,2398,33
2019-01-01,HA,-10,13,4,28,163,-16
2019-01-01,HA,67,15,6,36,216,70
2019-07-01,HA,-5,11,5,29,163,-6
2019-01-01,HA,5,8,8,21,100,1
2019-02-01,HA,1,8,5,22,100,-3
2019-08-01,HA,16,16,16,282,2556,-5
2019-05-01,HA,14,15,15,328,2556,17
2019-05-01,HA,10,8,5,21,100,4
2019-10-01,HA,0,12,3,318,2556,-12
2019-07-01,HA,9,7,8,22,100,8
2019-03-01,HA,30,6,7,16,54,31
2019-08-01,HA,1,17,16,346,2556,25
2019-05-01,HA,-2,12,14,287,2556,-19
2019-03-01,HA,45,10,3,19,72,43
2019-04-01,HA,0,19,10,277,2556,-19
2019-03-01,HA,-1,14,5,27,163,-1
2019-01-01,HA,-2,12,8,22,102,-2
2019-07-01,HA,-4,11,7,20,100,-6
2019-12-01,HA,1,10,12,303,2615,-9
2019-09-01,HA,-3,12,4,325,2556,-7
2019-04-01,HA,39,19,4,282,2417,34
2019-11-01,HA,35,10,4,27,163,27
2019-10-01,HA,-6,14,5,307,2462,-15
2019-08-01,HA,-2,11,5,310,2355,-1
2019-04-01,HA,59,14,15,353,2556,81
2018-07-01,NK,-4,27,16,142,1055,15
2018-07-01,NK,-3,14,10,154,1119,-3
2018-01-01,NK,-4,12,3,142,919,-7
2018-02-01,NK,-3,9,10,136,992,-10
2018-09-01,NK,-10,10,7,85,650,-17
2018-08-01,NK,0,22,9,139,1062,-2
2018-05-01,NK,-6,11,6,314,2329,-18
2018-05-01,NK,-6,12,24,97,679,-6
2018-03-01,NK,7,17,6,95,674,-1
2018-09-01,NK,34,12,7,189,1562,11
2018-10-01,NK,-1,31,6,257,2039,-11
2018-08-01,NK,-3,13,9,84,563,1
2018-01-01,NK,-5,24,11,148,1127,0
2018-03-01,NK,-11,14,7,138,1050,-19
2018-09-01,NK,-2,14,19,97,733,-2
2018-03-01,NK,-6,11,8,155,1050,-10
2018-10-01,NK,14,12,23,198,1749,9
2018-06-01,NK,15,10,6,132,992,2
2018-10-01,NK,-4,12,10,45,236,-15
2018-11-01,NK,-10,29,10,135,992,-1
2018-11-01,NK,40,15,7,79,369,53
2018-04-01,NK,25,17,7,105,852,20
2018-12-01,NK,-4,12,7,209,1947,-35
2018-11-01,NK,-5,22,4,65,369,-9
2018-02-01,NK,-1,8,6,254,1749,-10
2018-05-01,NK,-9,17,4,127,1107,-15
2018-12-01,NK,-2,11,14,91,581,1
2018-11-01,NK,-5,14,3,105,738,-15
2018-05-01,NK,-6,10,6,105,731,-31
2018-03-01,NK,65,11,8,80,577,58
2018-07-01,NK,21,10,8,141,1119,7
2018-06-01,NK,-6,10,4,102,738,-17
2018-07-01,NK,-3,13,10,134,1055,-13
2018-06-01,NK,-5,11,8,60,369,-14
2018-04-01,NK,11,18,7,145,1276,-7
2018-04-01,NK,-7,12,11,66,528,-30
2018-07-01,NK,102,16,6,189,1514,82
2018-08-01,NK,43,33,10,236,1721,62
2018-10-01,NK,-10,15,27,122,867,8
2018-09-01,NK,12,10,10,84,606,-1
2018-12-01,NK,-2,16,6,301,1947,11
2018-12-01,NK,-3,11,4,84,581,-15
2018-04-01,NK,1,25,7,198,1276,13
2018-02-01,NK,-9,14,7,114,738,-13
2018-01-01,NK,1,14,11,152,1182,-11
2018-02-01,NK,-6,10,7,138,992,-16
2018-03-01,NK,-6,12,14,79,577,-7
2018-06-01,NK,5,19,5,57,369,-1
2018-08-01,NK,74,11,14,191,1721,55
2018-01-01,NK,18,10,5,112,919,2
2018-05-01,NK,-6,21,7,265,2329,-19
2018-06-01,NK,-9,9,7,86,529,-9
2018-09-01,NK,11,10,8,141,1121,-26
2018-02-01,NK,-6,13,10,133,925,-12
2018-01-01,NK,-6,9,3,78,466,-9
2018-10-01,NK,13,17,6,246,2039,7
2018-04-01,NK,20,11,10,96,528,17
2018-12-01,NK,-4,15,6,313,2176,-29
2018-08-01,NK,-5,9,6,129,925,-17
2018-11-01,NK,-18,11,10,58,369,-29
2019-11-01,NK,-5,11,6,161,1062,-9
2019-04-01,NK,145,20,9,136,1062,135
2019-10-01,NK,-5,18,6,34,197,-9
2019-09-01,NK,20,15,7,208,1747,4
2019-05-01,NK,-6,19,6,133,992,-15
2019-04-01,NK,46,13,28,186,1121,76
2019-11-01,NK,-2,9,5,121,1062,-32
2019-02-01,NK,-4,13,7,181,1185,-15
2019-07-01,NK,10,10,9,249,2039,-11
2019-01-01,NK,-7,11,9,116,929,-13
2019-05-01,NK,-5,9,7,48,319,-24
2019-06-01,NK,61,21,6,146,1127,59
2019-12-01,NK,34,25,6,205,1440,32
2019-02-01,NK,-4,8,6,83,550,-22
2019-11-01,NK,139,11,8,61,404,129
2019-10-01,NK,-6,15,26,32,177,-1
2019-01-01,NK,-17,8,9,183,1180,-20
2019-03-01,NK,-3,12,10,87,577,-16
2019-05-01,NK,-7,16,7,128,992,-25
2019-02-01,NK,32,21,8,65,404,31
2019-07-01,NK,-4,16,16,85,621,-2
2019-01-01,NK,-2,12,23,191,1747,-7
2019-05-01,NK,-4,21,7,136,992,-17
2019-06-01,NK,0,17,26,220,1749,23
2019-08-01,NK,4,20,11,119,731,15
2019-11-01,NK,2,10,8,127,854,-7
2019-06-01,NK,-8,36,5,123,829,7
2019-08-01,NK,37,10,6,119,663,56
2019-03-01,NK,-8,16,8,136,983,-8
2019-09-01,NK,-10,9,5,108,852,-29
2019-05-01,NK,11,12,9,134,992,0
2019-12-01,NK,-8,13,31,128,957,-2
2019-11-01,NK,-6,18,8,102,632,-10
2019-12-01,NK,-1,9,9,175,1440,-11
2019-10-01,NK,-11,10,11,132,1046,-22
2019-08-01,NK,8,20,7,145,1173,2
2019-08-01,NK,-4,19,6,123,929,-8
2019-07-01,NK,34,17,4,105,834,15
2019-04-01,NK,44,9,5,172,1306,25
2019-01-01,NK,3,20,4,145,1189,17
2019-03-01,NK,76,11,4,126,994,56
2019-12-01,NK,17,32,5,112,738,33
2019-09-01,NK,8,12,7,69,425,2
2019-01-01,NK,-3,12,10,111,926,-19
2019-04-01,NK,45,45,7,86,563,64
2019-06-01,NK,58,15,6,103,787,50
2019-04-01,NK,71,24,4,131,1121,49
2019-10-01,NK,-3,17,12,100,746,-23
2019-07-01,NK,-12,21,8,129,980,-17
2019-02-01,NK,-3,17,11,152,1185,-10
2019-07-01,NK,-8,9,24,106,834,-7
2019-02-01,NK,1,10,18,112,621,5
2019-06-01,NK,-5,11,7,105,787,-22
2019-08-01,NK,82,13,8,100,731,67
2019-10-01,NK,-3,14,10,61,409,-15
2018-04-01,UA,-5,10,7,172,1605,-35
2018-08-01,UA,312,42,4,69,334,331
2018-04-01,UA,-7,17,4,160,1182,-23
2018-10-01,UA,-4,16,6,71,419,-18
2018-12-01,UA,-7,36,7,113,693,0
2018-09-01,UA,23,12,42,153,1236,58
2018-01-01,UA,-5,9,9,174,1154,-23
2018-11-01,UA,0,12,11,81,429,10
2018-01-01,UA,0,20,8,69,529,-18
2018-05-01,UA,-1,12,9,138,828,-6
2018-12-01,UA,-1,31,7,185,1085,22
2018-10-01,UA,-7,27,8,132,872,-2
2018-05-01,UA,-10,10,11,87,588,-20
2018-06-01,UA,-8,12,7,84,427,-8
2018-06-01,UA,-6,10,6,57,351,-26
2018-08-01,UA,9,13,8,158,1222,4
2018-06-01,UA,29,17,3,47,301,15
2018-01-01,UA,-3,14,10,96,599,-23
2018-06-01,UA,68,18,9,58,277,68
2018-05-01,UA,78,13,5,48,310,60
2018-12-01,UA,-4,13,16,35,199,-27
2018-12-01,UA,41,10,28,77,427,54
2018-05-01,UA,-4,13,13,42,169,-8
2018-01-01,UA,48,11,6,99,529,40
2018-11-01,UA,-10,15,12,201,1075,23
2018-04-01,UA,0,21,5,143,1065,-23
2018-11-01,UA,24,22,7,47,201,44
2018-02-01,UA,-10,18,5,76,419,-30
2018-11-01,UA,-6,15,5,190,1208,-12
2018-02-01,UA,-5,7,8,110,643,-16
2018-05-01,UA,-9,14,9,127,984,-29
2018-11-01,UA,27,25,9,137,936,34
2018-03-01,UA,-16,4,3,37,129,-22
2018-01-01,UA,95,16,11,69,529,76
2018-08-01,UA,1,22,3,180,1379,10
2018-04-01,UA,-7,16,6,81,550,-23
2018-02-01,UA,14,24,5,91,552,16
2018-04-01,UA,-8,23,6,98,787,-11
2018-12-01,UA,25,22,3,75,572,27
2018-10-01,UA,-4,24,10,129,562,42
2018-06-01,UA,-8,16,10,135,975,-4
2018-10-01,UA,-4,30,10,52,277,-2
2019-05-01,UA,-2,18,7,85,657,-6
2019-10-01,UA,63,6,6,66,444,38
2019-07-01,UA,110,44,7,51,305,133
2019-01-01,UA,33,42,3,77,536,45
2019-04-29,UA,-10,14,24,78,393,-13
2019-11-01,UA,-5,27,4,179,1597,-6
2019-11-01,UA,-3,12,7,54,305,-10
2019-06-01,UA,-5,44,6,225,1605,4
2019-08-01,UA,1315,16,6,71,529,1291
2019-08-01,UA,-7,48,8,117,854,15
2019-05-01,UA,-2,13,13,139,871,-12
2019-01-01,UA,10,35,7,72,517,9
2019-06-01,UA,-8,14,6,163,1222,-25
2019-11-01,UA,0,26,4,332,2434,-19
2019-04-29,UA,-4,17,6,79,595,-7
2019-01-01,UA,11,19,17,68,360,10
2019-07-01,UA,-7,12,36,62,339,-1
2019-05-01,UA,-9,13,4,63,395,-20
2019-06-01,UA,-8,11,7,122,854,-23
2019-09-01,UA,-7,17,4,41,253,-17
2019-02-01,UA,40,34,47,106,599,87
2019-07-01,UA,-9,11,3,72,444,-27
2019-04-29,UA,-10,35,8,54,266,-11
2019-02-01,UA,-2,13,8,150,1075,-47
2019-09-01,UA,16,16,6,202,1530,-1
2019-08-01,UA,57,34,16,230,1605,71
2019-06-01,UA,-8,24,20,111,846,11
2019-09-01,UA,-15,17,21,39,137,-5
2019-08-01,UA,1,16,9,220,1620,-4
2019-05-01,UA,49,11,6,97,744,32
2019-05-01,UA,-5,14,24,132,837,1
2019-06-01,UA,0,27,13,75,529,6
2019-10-01,UA,-10,26,7,63,305,4
2019-07-01,UA,-8,17,3,27,150,-19
2019-02-01,UA,0,13,3,191,1482,-38
2019-02-01,UA,-1,16,8,202,1416,-41
2019-11-01,UA,-2,23,6,249,2227,-8
2019-01-01,UA,-9,18,5,65,349,-4
2019-11-01,UA,51,19,6,228,1605,38
2019-09-01,UA,-5,24,5,53,323,-10
2019-04-29,UA,4,31,10,59,253,24
2019-08-01,UA,23,24,6,200,1597,12
2019-01-01,UA,246,53,4,32,157,264
2019-10-01,UA,-9,21,4,85,541,-15
2019-09-01,UA,1,21,6,155,1091,-3
2018-01-01,VX,-3,26,6,298,2556,-10
2018-02-01,VX,-6,19,8,369,2586,-5
2018-01-01,VX,-9,17,7,291,2398,-6
2018-02-01,VX,-2,17,6,265,2442,-19
2018-03-01,VX,-4,30,6,315,2367,2
2018-03-01,VX,-3,16,4,258,2402,-42
2018-03-01,VX,79,48,28,373,2586,114
2018-03-01,VX,188,47,5,369,2586,199
2018-02-01,VX,-8,13,8,271,2586,-50
2018-03-01,VX,81,20,8,286,2586,65
2018-01-01,VX,3,23,4,320,2556,-25
2018-01-01,VX,-12,21,6,295,2398,-46
2018-02-01,VX,-10,16,5,351,2442,-15
2018-02-01,VX,-4,21,7,278,2565,-28
2018-01-01,VX,-7,13,10,281,2454,-11
2018-05-01,WN,2,13,7,86,594,-7
2018-10-01,WN,1,8,6,131,895,-4
2018-03-01,WN,11,13,5,65,337,14
2018-02-01,WN,22,10,3,49,323,14
2018-07-01,WN,11,9,4,84,619,8
2018-07-01,WN,0,9,3,88,619,0
2018-02-01,WN,-5,8,5,181,1670,-31
2018-12-01,WN,1,12,4,43,214,-5
2018-11-01,WN,24,21,3,48,277,31
2018-10-01,WN,-7,12,4,130,895,-16
2018-06-01,WN,-3,10,2,91,628,-10
2018-01-01,WN,0,10,14,103,836,-3
2018-01-01,WN,-1,20,3,86,581,-7
2018-05-01,WN,-3,16,5,117,813,-15
2018-07-01,WN,-1,9,5,217,1670,5
2018-06-01,WN,11,7,3,244,1670,45
2018-08-01,WN,2,7,7,71,507,2
2018-07-01,WN,-2,7,6,54,328,-10
2018-02-01,WN,-6,19,5,90,594,-17
2018-10-01,WN,-1,9,4,139,895,1
2018-09-01,WN,7,9,7,82,551,0
2018-01-01,WN,44,27,6,97,645,34
2018-05-01,WN,-4,20,7,88,594,-9
2018-04-01,WN,-3,9,5,128,1121,-21
2018-11-01,WN,5,9,3,58,419,-5
2018-05-01,WN,-1,21,5,115,813,-10
2018-09-01,WN,0,8,6,306,2438,-25
2018-11-01,WN,1,26,5,62,453,9
2018-11-01,WN,-7,7,4,66,453,-15
2018-01-01,WN,54,26,2,164,1105,56
2018-06-01,WN,-4,8,6,91,628,-9
2018-11-01,WN,-5,9,3,42,273,-21
2018-04-01,WN,-1,13,4,53,328,-6
2018-01-01,WN,37,24,6,82,581,34
2018-10-01,WN,-8,39,5,41,228,7
2018-09-01,WN,-4,11,28,77,533,7
2018-08-01,WN,4,6,3,49,304,-8
2018-02-01,WN,-4,8,3,53,323,-10
2018-04-01,WN,11,9,8,130,1121,-2
2018-02-01,WN,1,9,5,43,323,-17
2018-07-01,WN,-4,9,5,83,619,-7
2018-12-01,WN,0,16,3,81,486,5
2018-06-01,WN,-4,12,3,79,619,-15
2018-03-01,WN,7,8,4,127,1069,-9
2018-05-01,WN,-6,11,7,118,758,0
2018-03-01,WN,31,10,4,61,345,26
2018-08-01,WN,43,23,2,45,304,43
2018-09-01,WN,-4,12,8,63,404,-11
2018-08-01,WN,25,9,2,45,304,6
2018-06-01,WN,-2,8,5,194,1670,-15
2018-08-01,WN,-2,9,2,47,304,-14
2018-10-01,WN,8,10,5,126,895,-6
2018-09-01,WN,-1,12,4,89,551,4
2019-08-01,WN,-4,10,4,51,328,-14
2019-07-01,WN,2,18,4,103,787,-8
2019-11-01,WN,3,8,6,125,1121,-13
2019-07-01,WN,-3,11,9,107,787,-1
2019-05-01,WN,16,8,2,169,1521,-15
2019-05-01,WN,30,14,22,41,255,42
2019-08-01,WN,3,10,2,207,1670,-3
2019-10-01,WN,0,12,3,193,1670,-17
2019-09-01,WN,-5,9,6,71,486,-14
2019-01-01,WN,17,28,4,86,580,40
2019-02-01,WN,5,10,6,52,328,-7
2019-08-01,WN,28,19,4,52,328,28
2019-09-01,WN,-1,7,2,104,759,-13
2019-05-01,WN,7,11,4,172,1521,-16
2019-09-01,WN,-1,8,4,68,486,-11
2019-06-01,WN,5,10,5,120,889,-5
2019-12-01,WN,24,11,6,76,619,17
2019-09-01,WN,-3,11,5,38,214,-19
2019-03-01,WN,-5,11,4,142,994,-18
2019-04-01,WN,-7,12,2,49,323,-14
2019-03-01,WN,2,10,5,130,834,12
2019-03-01,WN,-6,9,2,175,1131,-25
2019-10-01,WN,1,9,4,197,1670,-19
2019-02-01,WN,-5,8,41,205,1670,34
2019-10-01,WN,6,13,4,85,619,3
2019-01-01,WN,20,49,4,77,580,50
2019-10-01,WN,0,14,3,84,580,1
2019-08-01,WN,-2,9,4,83,580,-6
2019-02-01,WN,-4,6,25,79,580,6
2019-11-01,WN,-4,13,5,122,889,-9
2019-07-01,WN,3,13,4,106,787,-9
2019-07-01,WN,-6,14,9,105,787,-18
2019-05-01,WN,-3,13,3,166,1521,-31
2019-04-01,WN,16,7,7,48,323,8
2019-05-01,WN,9,14,4,184,1521,1
2019-10-01,WN,99,7,3,83,580,97
2019-12-01,WN,-3,7,4,62,289,-10
2019-08-01,WN,4,13,5,204,1670,-4
2019-09-01,WN,-4,8,5,73,486,-13
2019-06-01,WN,-2,9,4,131,1121,-18
2019-01-01,WN,-3,8,2,71,486,-12
2019-07-01,WN,-5,12,4,128,971,-11
2019-12-01,WN,-4,14,4,72,580,-14
2019-06-01,WN,13,10,4,67,447,-1
2019-02-01,WN,40,11,4,82,580,37
2019-11-01,WN,2,13,2,79,577,-14
2019-12-01,WN,23,12,4,177,1670,1
2019-01-01,WN,-2,15,4,173,1670,-20
2019-11-01,WN,1,14,4,128,1121,-13